Run,Wins,Win Percent,Losses,Loss Percent,Arm Contacts,Arm Contact Percent,Gripper Contacts,Gripper Contact Percent,Ground Contacts,Ground Contact Percent,Timeouts,Timeout Percent,
0,0,0,1,1,0,0,0,0,0,0,0,0
1,1,0.5,1,1,1,0.5,1,0.5,0,0,0,0
2,1,0.333333,2,2,1,0.333333,1,0.333333,0,0,0,0
3,2,0.5,2,2,2,0.5,2,0.5,0,0,0,0
4,2,0.4,3,3,2,0.4,2,0.4,0,0,0,0
5,3,0.5,3,3,3,0.5,3,0.5,0,0,0,0
6,3,0.428571,4,4,3,0.428571,3,0.428571,0,0,0,0
7,4,0.5,4,4,4,0.5,4,0.5,0,0,0,0
8,5,0.555556,4,4,5,0.555556,5,0.555556,0,0,0,0
9,6,0.6,4,4,6,0.6,5,0.5,0,0,0,0
10,7,0.636364,4,4,7,0.636364,5,0.454545,0,0,0,0
11,8,0.666667,4,4,8,0.666667,6,0.5,0,0,0,0
12,9,0.692308,4,4,9,0.692308,7,0.538462,0,0,0,0
13,10,0.714286,4,4,10,0.714286,8,0.571429,0,0,0,0
14,11,0.733333,4,4,11,0.733333,9,0.6,0,0,0,0
15,12,0.75,4,4,12,0.75,10,0.625,0,0,0,0
16,13,0.764706,4,4,13,0.764706,11,0.647059,0,0,0,0
17,14,0.777778,4,4,14,0.777778,12,0.666667,0,0,0,0
18,15,0.789474,4,4,15,0.789474,13,0.684211,0,0,0,0
19,16,0.8,4,4,16,0.8,14,0.7,0,0,0,0
20,17,0.809524,4,4,17,0.809524,15,0.714286,0,0,0,0
21,18,0.818182,4,4,18,0.818182,15,0.681818,0,0,0,0
22,18,0.782609,5,5,18,0.782609,15,0.652174,0,0,0,0
23,19,0.791667,5,5,19,0.791667,16,0.666667,0,0,0,0
24,19,0.76,6,6,19,0.76,16,0.64,0,0,0,0
25,20,0.769231,6,6,20,0.769231,17,0.653846,0,0,0,0
26,21,0.777778,6,6,21,0.777778,17,0.62963,0,0,0,0
27,22,0.785714,6,6,22,0.785714,17,0.607143,0,0,0,0
28,23,0.793103,6,6,23,0.793103,18,0.62069,0,0,0,0
29,24,0.8,6,6,24,0.8,19,0.633333,0,0,0,0
30,25,0.806452,6,6,25,0.806452,20,0.645161,0,0,0,0
31,26,0.8125,6,6,26,0.8125,20,0.625,0,0,0,0
32,27,0.818182,6,6,27,0.818182,21,0.636364,0,0,0,0
33,28,0.823529,6,6,28,0.823529,21,0.617647,0,0,0,0
34,29,0.828571,6,6,29,0.828571,21,0.6,0,0,0,0
35,30,0.833333,6,6,30,0.833333,22,0.611111,0,0,0,0
36,31,0.837838,6,6,31,0.837838,23,0.621622,0,0,0,0
37,32,0.842105,6,6,32,0.842105,24,0.631579,0,0,0,0
38,33,0.846154,6,6,33,0.846154,24,0.615385,0,0,0,0
39,34,0.85,6,6,34,0.85,24,0.6,0,0,0,0
40,35,0.853659,6,6,35,0.853659,25,0.609756,0,0,0,0
41,36,0.857143,6,6,36,0.857143,25,0.595238,0,0,0,0
42,37,0.860465,6,6,37,0.860465,26,0.604651,0,0,0,0
43,38,0.863636,6,6,38,0.863636,27,0.613636,0,0,0,0
44,38,0.844444,7,7,38,0.844444,27,0.6,0,0,0,0
45,39,0.847826,7,7,39,0.847826,27,0.586957,0,0,0,0
46,40,0.851064,7,7,40,0.851064,28,0.595745,0,0,0,0
47,41,0.854167,7,7,41,0.854167,29,0.604167,0,0,0,0
48,42,0.857143,7,7,42,0.857143,30,0.612245,0,0,0,0
49,42,0.84,8,8,42,0.84,30,0.6,0,0,0,0
50,43,0.843137,8,8,43,0.843137,31,0.607843,0,0,0,0
51,43,0.826923,9,9,43,0.826923,31,0.596154,0,0,0,0
52,44,0.830189,9,9,44,0.830189,32,0.603774,0,0,0,0
53,45,0.833333,9,9,45,0.833333,33,0.611111,0,0,0,0
54,46,0.836364,9,9,46,0.836364,33,0.6,0,0,0,0
55,47,0.839286,9,9,47,0.839286,34,0.607143,0,0,0,0
56,48,0.842105,9,9,48,0.842105,35,0.614035,0,0,0,0
57,49,0.844828,9,9,49,0.844828,35,0.603448,0,0,0,0
58,50,0.847458,9,9,50,0.847458,36,0.610169,0,0,0,0
59,51,0.85,9,9,51,0.85,36,0.6,0,0,0,0
60,51,0.836066,10,10,51,0.836066,36,0.590164,0,0,0,0
61,52,0.83871,10,10,52,0.83871,37,0.596774,0,0,0,0
62,53,0.84127,10,10,53,0.84127,38,0.603175,0,0,0,0
63,54,0.84375,10,10,54,0.84375,39,0.609375,0,0,0,0
64,55,0.846154,10,10,55,0.846154,40,0.615385,0,0,0,0
65,55,0.833333,11,11,55,0.833333,40,0.606061,0,0,0,0
66,55,0.820895,12,12,55,0.820895,40,0.597015,0,0,0,0
67,55,0.808824,13,13,55,0.808824,40,0.588235,0,0,0,0
68,56,0.811594,13,13,56,0.811594,40,0.57971,0,0,0,0
69,57,0.814286,13,13,57,0.814286,40,0.571429,0,0,0,0
70,58,0.816901,13,13,58,0.816901,40,0.56338,0,0,0,0
71,59,0.819444,13,13,59,0.819444,41,0.569444,0,0,0,0
72,60,0.821918,13,13,60,0.821918,41,0.561644,0,0,0,0
73,60,0.810811,14,14,60,0.810811,41,0.554054,0,0,0,0
74,61,0.813333,14,14,61,0.813333,42,0.56,0,0,0,0
75,62,0.815789,14,14,62,0.815789,43,0.565789,0,0,0,0
76,63,0.818182,14,14,63,0.818182,44,0.571429,0,0,0,0
77,64,0.820513,14,14,64,0.820513,45,0.576923,0,0,0,0
78,65,0.822785,14,14,65,0.822785,46,0.582278,0,0,0,0
79,66,0.825,14,14,66,0.825,47,0.5875,0,0,0,0
80,67,0.82716,14,14,67,0.82716,48,0.592593,0,0,0,0
81,68,0.829268,14,14,68,0.829268,49,0.597561,0,0,0,0
82,69,0.831325,14,14,69,0.831325,50,0.60241,0,0,0,0
83,69,0.821429,15,15,69,0.821429,50,0.595238,0,0,0,0
84,70,0.823529,15,15,70,0.823529,51,0.6,0,0,0,0
85,71,0.825581,15,15,71,0.825581,52,0.604651,0,0,0,0
86,72,0.827586,15,15,72,0.827586,53,0.609195,0,0,0,0
87,73,0.829545,15,15,73,0.829545,54,0.613636,0,0,0,0
88,73,0.820225,16,16,73,0.820225,54,0.606742,0,0,0,0
89,74,0.822222,16,16,74,0.822222,54,0.6,0,0,0,0
90,75,0.824176,16,16,75,0.824176,54,0.593407,0,0,0,0
91,75,0.815217,17,17,75,0.815217,54,0.586957,0,0,0,0
92,75,0.806452,18,18,75,0.806452,54,0.580645,0,0,0,0
93,76,0.808511,18,18,76,0.808511,55,0.585106,0,0,0,0
94,77,0.810526,18,18,77,0.810526,56,0.589474,0,0,0,0
95,78,0.8125,18,18,78,0.8125,57,0.59375,0,0,0,0
96,79,0.814433,18,18,79,0.814433,57,0.587629,0,0,0,0
97,79,0.806122,19,19,79,0.806122,57,0.581633,0,0,0,0
98,80,0.808081,19,19,80,0.808081,58,0.585859,0,0,0,0
99,81,0.81,19,19,81,0.81,59,0.59,0,0,0,0
100,82,0.811881,19,19,82,0.811881,59,0.584158,0,0,0,0
101,83,0.813725,19,19,83,0.813725,60,0.588235,0,0,0,0
102,84,0.815534,19,19,84,0.815534,61,0.592233,0,0,0,0
103,85,0.817308,19,19,85,0.817308,62,0.596154,0,0,0,0
104,86,0.819048,19,19,86,0.819048,62,0.590476,0,0,0,0
105,87,0.820755,19,19,87,0.820755,63,0.59434,0,0,0,0
106,88,0.82243,19,19,88,0.82243,63,0.588785,0,0,0,0
107,89,0.824074,19,19,89,0.824074,64,0.592593,0,0,0,0
108,90,0.825688,19,19,90,0.825688,65,0.59633,0,0,0,0
109,91,0.827273,19,19,91,0.827273,65,0.590909,0,0,0,0
110,92,0.828829,19,19,92,0.828829,66,0.594595,0,0,0,0
111,93,0.830357,19,19,93,0.830357,66,0.589286,0,0,0,0
112,93,0.823009,20,20,93,0.823009,66,0.584071,0,0,0,0
113,94,0.824561,20,20,94,0.824561,67,0.587719,0,0,0,0
114,95,0.826087,20,20,95,0.826087,68,0.591304,0,0,0,0
115,96,0.827586,20,20,96,0.827586,69,0.594828,0,0,0,0
116,97,0.82906,20,20,97,0.82906,70,0.598291,0,0,0,0
117,97,0.822034,21,21,97,0.822034,70,0.59322,0,0,0,0
118,98,0.823529,21,21,98,0.823529,70,0.588235,0,0,0,0
119,99,0.825,21,21,99,0.825,71,0.591667,0,0,0,0
120,100,0.826446,21,21,100,0.826446,72,0.595041,0,0,0,0
121,101,0.827869,21,21,101,0.827869,72,0.590164,0,0,0,0
122,102,0.829268,21,21,102,0.829268,73,0.593496,0,0,0,0
123,103,0.830645,21,21,103,0.830645,73,0.58871,0,0,0,0
124,104,0.832,21,21,104,0.832,74,0.592,0,0,0,0
125,105,0.833333,21,21,105,0.833333,75,0.595238,0,0,0,0
126,106,0.834646,21,21,106,0.834646,76,0.598425,0,0,0,0
127,107,0.835938,21,21,107,0.835938,77,0.601562,0,0,0,0
128,108,0.837209,21,21,108,0.837209,78,0.604651,0,0,0,0
129,109,0.838462,21,21,109,0.838462,78,0.6,0,0,0,0
130,109,0.832061,22,22,109,0.832061,78,0.59542,0,0,0,0
131,110,0.833333,22,22,110,0.833333,79,0.598485,0,0,0,0
132,111,0.834586,22,22,111,0.834586,79,0.593985,0,0,0,0
133,112,0.835821,22,22,112,0.835821,79,0.589552,0,0,0,0
134,113,0.837037,22,22,113,0.837037,79,0.585185,0,0,0,0
135,114,0.838235,22,22,114,0.838235,80,0.588235,0,0,0,0
136,115,0.839416,22,22,115,0.839416,80,0.583942,0,0,0,0
137,116,0.84058,22,22,116,0.84058,80,0.57971,0,0,0,0
138,117,0.841727,22,22,117,0.841727,80,0.57554,0,0,0,0
139,118,0.842857,22,22,118,0.842857,81,0.578571,0,0,0,0
140,119,0.843972,22,22,119,0.843972,82,0.58156,0,0,0,0
141,120,0.84507,22,22,120,0.84507,82,0.577465,0,0,0,0
142,121,0.846154,22,22,121,0.846154,83,0.58042,0,0,0,0
143,122,0.847222,22,22,122,0.847222,84,0.583333,0,0,0,0
144,123,0.848276,22,22,123,0.848276,85,0.586207,0,0,0,0
145,124,0.849315,22,22,124,0.849315,86,0.589041,0,0,0,0
146,125,0.85034,22,22,125,0.85034,86,0.585034,0,0,0,0
147,126,0.851351,22,22,126,0.851351,87,0.587838,0,0,0,0
148,127,0.852349,22,22,127,0.852349,87,0.583893,0,0,0,0
149,128,0.853333,22,22,128,0.853333,87,0.58,0,0,0,0
150,129,0.854305,22,22,129,0.854305,88,0.582781,0,0,0,0
151,130,0.855263,22,22,130,0.855263,88,0.578947,0,0,0,0
152,131,0.856209,22,22,131,0.856209,89,0.581699,0,0,0,0
153,132,0.857143,22,22,132,0.857143,89,0.577922,0,0,0,0
154,133,0.858065,22,22,133,0.858065,90,0.580645,0,0,0,0
155,134,0.858974,22,22,134,0.858974,91,0.583333,0,0,0,0
156,135,0.859873,22,22,135,0.859873,92,0.585987,0,0,0,0
157,136,0.860759,22,22,136,0.860759,93,0.588608,0,0,0,0
158,137,0.861635,22,22,137,0.861635,94,0.591195,0,0,0,0
159,137,0.85625,23,23,137,0.85625,94,0.5875,0,0,0,0
160,138,0.857143,23,23,138,0.857143,94,0.583851,0,0,0,0
161,139,0.858025,23,23,139,0.858025,94,0.580247,0,0,0,0
162,140,0.858896,23,23,140,0.858896,95,0.582822,0,0,0,0
163,141,0.859756,23,23,141,0.859756,95,0.579268,0,0,0,0
164,142,0.860606,23,23,142,0.860606,96,0.581818,0,0,0,0
165,143,0.861446,23,23,143,0.861446,96,0.578313,0,0,0,0
166,144,0.862275,23,23,144,0.862275,97,0.580838,0,0,0,0
167,145,0.863095,23,23,145,0.863095,97,0.577381,0,0,0,0
168,146,0.863905,23,23,146,0.863905,97,0.573964,0,0,0,0
169,147,0.864706,23,23,147,0.864706,97,0.570588,0,0,0,0
170,148,0.865497,23,23,148,0.865497,98,0.573099,0,0,0,0
171,149,0.866279,23,23,149,0.866279,99,0.575581,0,0,0,0
172,149,0.861272,24,24,149,0.861272,99,0.572254,0,0,0,0
173,150,0.862069,24,24,150,0.862069,100,0.574713,0,0,0,0
174,151,0.862857,24,24,151,0.862857,101,0.577143,0,0,0,0
175,152,0.863636,24,24,152,0.863636,102,0.579545,0,0,0,0
176,152,0.858757,25,25,152,0.858757,102,0.576271,0,0,0,0
177,153,0.859551,25,25,153,0.859551,103,0.578652,0,0,0,0
178,154,0.860335,25,25,154,0.860335,104,0.581006,0,0,0,0
179,155,0.861111,25,25,155,0.861111,105,0.583333,0,0,0,0
180,156,0.861878,25,25,156,0.861878,105,0.58011,0,0,0,0
181,157,0.862637,25,25,157,0.862637,105,0.576923,0,0,0,0
182,158,0.863388,25,25,158,0.863388,106,0.579235,0,0,0,0
183,158,0.858696,26,26,158,0.858696,106,0.576087,0,0,0,0
184,158,0.854054,27,27,158,0.854054,106,0.572973,0,0,0,0
185,159,0.854839,27,27,159,0.854839,107,0.575269,0,0,0,0
186,160,0.855615,27,27,160,0.855615,107,0.572192,0,0,0,0
187,161,0.856383,27,27,161,0.856383,108,0.574468,0,0,0,0
188,162,0.857143,27,27,162,0.857143,109,0.57672,0,0,0,0
189,163,0.857895,27,27,163,0.857895,110,0.578947,0,0,0,0
190,164,0.858639,27,27,164,0.858639,111,0.581152,0,0,0,0
191,165,0.859375,27,27,165,0.859375,112,0.583333,0,0,0,0
192,166,0.860104,27,27,166,0.860104,113,0.585492,0,0,0,0
193,167,0.860825,27,27,167,0.860825,113,0.582474,0,0,0,0
194,168,0.861538,27,27,168,0.861538,114,0.584615,0,0,0,0
195,169,0.862245,27,27,169,0.862245,115,0.586735,0,0,0,0
196,170,0.862944,27,27,170,0.862944,116,0.588832,0,0,0,0
197,171,0.863636,27,27,171,0.863636,117,0.590909,0,0,0,0
198,172,0.864322,27,27,172,0.864322,117,0.58794,0,0,0,0
199,173,0.865,27,27,173,0.865,117,0.585,0,0,0,0
200,174,0.865672,27,27,174,0.865672,117,0.58209,0,0,0,0
201,175,0.866337,27,27,175,0.866337,118,0.584158,0,0,0,0
202,176,0.866995,27,27,176,0.866995,119,0.586207,0,0,0,0
203,177,0.867647,27,27,177,0.867647,120,0.588235,0,0,0,0
204,178,0.868293,27,27,178,0.868293,120,0.585366,0,0,0,0
205,179,0.868932,27,27,179,0.868932,121,0.587379,0,0,0,0
206,180,0.869565,27,27,180,0.869565,121,0.584541,0,0,0,0
207,181,0.870192,27,27,181,0.870192,122,0.586538,0,0,0,0
208,182,0.870813,27,27,182,0.870813,123,0.588517,0,0,0,0
209,183,0.871429,27,27,183,0.871429,123,0.585714,0,0,0,0
210,184,0.872038,27,27,184,0.872038,124,0.587678,0,0,0,0
211,185,0.872642,27,27,185,0.872642,125,0.589623,0,0,0,0
212,186,0.873239,27,27,186,0.873239,126,0.591549,0,0,0,0
213,187,0.873832,27,27,187,0.873832,126,0.588785,0,0,0,0
214,188,0.874419,27,27,188,0.874419,127,0.590698,0,0,0,0
215,189,0.875,27,27,189,0.875,127,0.587963,0,0,0,0
216,190,0.875576,27,27,190,0.875576,128,0.589862,0,0,0,0
217,191,0.876147,27,27,191,0.876147,129,0.591743,0,0,0,0
218,192,0.876712,27,27,192,0.876712,129,0.589041,0,0,0,0
219,193,0.877273,27,27,193,0.877273,130,0.590909,0,0,0,0
220,194,0.877828,27,27,194,0.877828,131,0.59276,0,0,0,0
221,195,0.878378,27,27,195,0.878378,132,0.594595,0,0,0,0
222,196,0.878924,27,27,196,0.878924,132,0.591928,0,0,0,0
223,197,0.879464,27,27,197,0.879464,133,0.59375,0,0,0,0
224,198,0.88,27,27,198,0.88,134,0.595556,0,0,0,0
225,199,0.880531,27,27,199,0.880531,134,0.59292,0,0,0,0
226,200,0.881057,27,27,200,0.881057,135,0.594714,0,0,0,0
227,201,0.881579,27,27,201,0.881579,136,0.596491,0,0,0,0
228,202,0.882096,27,27,202,0.882096,137,0.598253,0,0,0,0
229,203,0.882609,27,27,203,0.882609,138,0.6,0,0,0,0
230,204,0.883117,27,27,204,0.883117,139,0.601732,0,0,0,0
231,204,0.87931,28,28,204,0.87931,139,0.599138,0,0,0,0
232,205,0.879828,28,28,205,0.879828,140,0.600858,0,0,0,0
233,206,0.880342,28,28,206,0.880342,141,0.602564,0,0,0,0
234,207,0.880851,28,28,207,0.880851,142,0.604255,0,0,0,0
235,208,0.881356,28,28,208,0.881356,143,0.605932,0,0,0,0
236,209,0.881857,28,28,209,0.881857,143,0.603376,0,0,0,0
237,210,0.882353,28,28,210,0.882353,144,0.605042,0,0,0,0
238,211,0.882845,28,28,211,0.882845,144,0.60251,0,0,0,0
239,212,0.883333,28,28,212,0.883333,145,0.604167,0,0,0,0
240,213,0.883817,28,28,213,0.883817,146,0.605809,0,0,0,0
241,214,0.884298,28,28,214,0.884298,147,0.607438,0,0,0,0
242,215,0.884774,28,28,215,0.884774,148,0.609053,0,0,0,0
243,216,0.885246,28,28,216,0.885246,149,0.610656,0,0,0,0
244,217,0.885714,28,28,217,0.885714,150,0.612245,0,0,0,0
245,218,0.886179,28,28,218,0.886179,150,0.609756,0,0,0,0
246,219,0.88664,28,28,219,0.88664,151,0.611336,0,0,0,0
247,220,0.887097,28,28,220,0.887097,152,0.612903,0,0,0,0
248,221,0.88755,28,28,221,0.88755,153,0.614458,0,0,0,0
249,222,0.888,28,28,222,0.888,154,0.616,0,0,0,0
250,222,0.884462,29,29,222,0.884462,154,0.613546,0,0,0,0
251,223,0.884921,29,29,223,0.884921,155,0.615079,0,0,0,0
252,224,0.885375,29,29,224,0.885375,156,0.616601,0,0,0,0
253,225,0.885827,29,29,225,0.885827,157,0.61811,0,0,0,0
254,226,0.886275,29,29,226,0.886275,158,0.619608,0,0,0,0
255,227,0.886719,29,29,227,0.886719,159,0.621094,0,0,0,0
256,228,0.88716,29,29,228,0.88716,160,0.622568,0,0,0,0
257,229,0.887597,29,29,229,0.887597,161,0.624031,0,0,0,0
258,230,0.888031,29,29,230,0.888031,162,0.625483,0,0,0,0
259,231,0.888462,29,29,231,0.888462,163,0.626923,0,0,0,0
260,232,0.888889,29,29,232,0.888889,164,0.628352,0,0,0,0
261,233,0.889313,29,29,233,0.889313,164,0.625954,0,0,0,0
262,234,0.889734,29,29,234,0.889734,165,0.627376,0,0,0,0
263,235,0.890152,29,29,235,0.890152,165,0.625,0,0,0,0
264,236,0.890566,29,29,236,0.890566,166,0.626415,0,0,0,0
265,237,0.890977,29,29,237,0.890977,166,0.62406,0,0,0,0
266,238,0.891386,29,29,238,0.891386,167,0.625468,0,0,0,0
267,239,0.891791,29,29,239,0.891791,168,0.626866,0,0,0,0
268,240,0.892193,29,29,240,0.892193,169,0.628253,0,0,0,0
269,241,0.892593,29,29,241,0.892593,170,0.62963,0,0,0,0
270,241,0.889299,30,30,241,0.889299,170,0.627306,0,0,0,0
271,242,0.889706,30,30,242,0.889706,171,0.628676,0,0,0,0
272,243,0.89011,30,30,243,0.89011,172,0.630037,0,0,0,0
273,243,0.886861,31,31,243,0.886861,172,0.627737,0,0,0,0
274,244,0.887273,31,31,244,0.887273,173,0.629091,0,0,0,0
275,245,0.887681,31,31,245,0.887681,174,0.630435,0,0,0,0
276,246,0.888087,31,31,246,0.888087,175,0.631769,0,0,0,0
277,247,0.888489,31,31,247,0.888489,176,0.633094,0,0,0,0
278,248,0.888889,31,31,248,0.888889,177,0.634409,0,0,0,0
279,249,0.889286,31,31,249,0.889286,178,0.635714,0,0,0,0
280,249,0.886121,32,32,249,0.886121,178,0.633452,0,0,0,0
281,250,0.886525,32,32,250,0.886525,179,0.634752,0,0,0,0
282,251,0.886926,32,32,251,0.886926,180,0.636042,0,0,0,0
283,252,0.887324,32,32,252,0.887324,181,0.637324,0,0,0,0
284,253,0.887719,32,32,253,0.887719,182,0.638596,0,0,0,0
285,254,0.888112,32,32,254,0.888112,182,0.636364,0,0,0,0
286,255,0.888502,32,32,255,0.888502,183,0.637631,0,0,0,0
287,256,0.888889,32,32,256,0.888889,183,0.635417,0,0,0,0
288,257,0.889273,32,32,257,0.889273,184,0.636678,0,0,0,0
289,258,0.889655,32,32,258,0.889655,185,0.637931,0,0,0,0
290,259,0.890034,32,32,259,0.890034,186,0.639175,0,0,0,0
291,260,0.890411,32,32,260,0.890411,187,0.640411,0,0,0,0
292,261,0.890785,32,32,261,0.890785,187,0.638225,0,0,0,0
293,261,0.887755,33,33,261,0.887755,187,0.636054,0,0,0,0
294,262,0.888136,33,33,262,0.888136,188,0.637288,0,0,0,0
295,263,0.888514,33,33,263,0.888514,189,0.638514,0,0,0,0
296,264,0.888889,33,33,264,0.888889,190,0.639731,0,0,0,0
297,265,0.889262,33,33,265,0.889262,191,0.64094,0,0,0,0
298,266,0.889632,33,33,266,0.889632,192,0.64214,0,0,0,0
299,267,0.89,33,33,267,0.89,193,0.643333,0,0,0,0
300,268,0.890365,33,33,268,0.890365,194,0.644518,0,0,0,0
301,269,0.890728,33,33,269,0.890728,195,0.645695,0,0,0,0
302,270,0.891089,33,33,270,0.891089,196,0.646865,0,0,0,0
303,271,0.891447,33,33,271,0.891447,197,0.648026,0,0,0,0
304,272,0.891803,33,33,272,0.891803,198,0.64918,0,0,0,0
305,273,0.892157,33,33,273,0.892157,198,0.647059,0,0,0,0
306,274,0.892508,33,33,274,0.892508,199,0.648208,0,0,0,0
307,275,0.892857,33,33,275,0.892857,199,0.646104,0,0,0,0
308,276,0.893204,33,33,276,0.893204,200,0.647249,0,0,0,0
309,277,0.893548,33,33,277,0.893548,200,0.645161,0,0,0,0
310,278,0.893891,33,33,278,0.893891,201,0.646302,0,0,0,0
311,279,0.894231,33,33,279,0.894231,201,0.644231,0,0,0,0
312,280,0.894569,33,33,280,0.894569,201,0.642173,0,0,0,0
313,281,0.894904,33,33,281,0.894904,202,0.643312,0,0,0,0
314,282,0.895238,33,33,282,0.895238,203,0.644444,0,0,0,0
315,283,0.89557,33,33,283,0.89557,204,0.64557,0,0,0,0
316,284,0.895899,33,33,284,0.895899,205,0.646688,0,0,0,0
317,285,0.896226,33,33,285,0.896226,206,0.647799,0,0,0,0
318,286,0.896552,33,33,286,0.896552,207,0.648903,0,0,0,0
319,287,0.896875,33,33,287,0.896875,207,0.646875,0,0,0,0
320,288,0.897196,33,33,288,0.897196,208,0.647975,0,0,0,0
321,289,0.897516,33,33,289,0.897516,209,0.649068,0,0,0,0
322,290,0.897833,33,33,290,0.897833,210,0.650155,0,0,0,0
323,291,0.898148,33,33,291,0.898148,210,0.648148,0,0,0,0
324,292,0.898462,33,33,292,0.898462,211,0.649231,0,0,0,0
325,293,0.898773,33,33,293,0.898773,212,0.650307,0,0,0,0
326,293,0.896024,34,34,293,0.896024,212,0.648318,0,0,0,0
327,294,0.896341,34,34,294,0.896341,213,0.64939,0,0,0,0
328,295,0.896657,34,34,295,0.896657,214,0.650456,0,0,0,0
329,296,0.89697,34,34,296,0.89697,215,0.651515,0,0,0,0
330,297,0.897281,34,34,297,0.897281,216,0.652568,0,0,0,0
331,298,0.89759,34,34,298,0.89759,217,0.653614,0,0,0,0
332,299,0.897898,34,34,299,0.897898,218,0.654655,0,0,0,0
333,300,0.898204,34,34,300,0.898204,219,0.655689,0,0,0,0
334,301,0.898507,34,34,301,0.898507,220,0.656716,0,0,0,0
335,302,0.89881,34,34,302,0.89881,221,0.657738,0,0,0,0
336,303,0.89911,34,34,303,0.89911,222,0.658754,0,0,0,0
337,304,0.899408,34,34,304,0.899408,223,0.659763,0,0,0,0
338,305,0.899705,34,34,305,0.899705,224,0.660767,0,0,0,0
339,306,0.9,34,34,306,0.9,225,0.661765,0,0,0,0
340,307,0.900293,34,34,307,0.900293,226,0.662757,0,0,0,0
341,308,0.900585,34,34,308,0.900585,226,0.660819,0,0,0,0
342,309,0.900875,34,34,309,0.900875,227,0.661808,0,0,0,0
343,310,0.901163,34,34,310,0.901163,228,0.662791,0,0,0,0
344,311,0.901449,34,34,311,0.901449,228,0.66087,0,0,0,0
345,312,0.901734,34,34,312,0.901734,228,0.65896,0,0,0,0
346,313,0.902017,34,34,313,0.902017,229,0.659942,0,0,0,0
347,314,0.902299,34,34,314,0.902299,230,0.66092,0,0,0,0
348,315,0.902579,34,34,315,0.902579,231,0.661891,0,0,0,0
349,316,0.902857,34,34,316,0.902857,232,0.662857,0,0,0,0
350,317,0.903134,34,34,317,0.903134,233,0.663818,0,0,0,0
351,317,0.900568,35,35,317,0.900568,233,0.661932,0,0,0,0
352,318,0.90085,35,35,318,0.90085,234,0.66289,0,0,0,0
353,319,0.90113,35,35,319,0.90113,235,0.663842,0,0,0,0
354,320,0.901408,35,35,320,0.901408,236,0.664789,0,0,0,0
355,321,0.901685,35,35,321,0.901685,236,0.662921,0,0,0,0
356,322,0.901961,35,35,322,0.901961,237,0.663866,0,0,0,0
357,323,0.902235,35,35,323,0.902235,238,0.664804,0,0,0,0
358,324,0.902507,35,35,324,0.902507,239,0.665738,0,0,0,0
359,325,0.902778,35,35,325,0.902778,240,0.666667,0,0,0,0
360,326,0.903047,35,35,326,0.903047,241,0.66759,0,0,0,0
361,327,0.903315,35,35,327,0.903315,242,0.668508,0,0,0,0
362,328,0.903581,35,35,328,0.903581,242,0.666667,0,0,0,0
363,329,0.903846,35,35,329,0.903846,243,0.667582,0,0,0,0
364,330,0.90411,35,35,330,0.90411,244,0.668493,0,0,0,0
365,331,0.904372,35,35,331,0.904372,245,0.669399,0,0,0,0
366,331,0.901907,36,36,331,0.901907,245,0.667575,0,0,0,0
367,332,0.902174,36,36,332,0.902174,246,0.668478,0,0,0,0
368,333,0.902439,36,36,333,0.902439,246,0.666667,0,0,0,0
369,334,0.902703,36,36,334,0.902703,247,0.667568,0,0,0,0
370,335,0.902965,36,36,335,0.902965,247,0.665768,0,0,0,0
371,336,0.903226,36,36,336,0.903226,248,0.666667,0,0,0,0
372,337,0.903485,36,36,337,0.903485,249,0.66756,0,0,0,0
373,338,0.903743,36,36,338,0.903743,250,0.668449,0,0,0,0
374,339,0.904,36,36,339,0.904,251,0.669333,0,0,0,0
375,340,0.904255,36,36,340,0.904255,252,0.670213,0,0,0,0
376,341,0.904509,36,36,341,0.904509,253,0.671088,0,0,0,0
377,342,0.904762,36,36,342,0.904762,254,0.671958,0,0,0,0
378,343,0.905013,36,36,343,0.905013,255,0.672823,0,0,0,0
379,344,0.905263,36,36,344,0.905263,256,0.673684,0,0,0,0
380,345,0.905512,36,36,345,0.905512,257,0.674541,0,0,0,0
381,346,0.905759,36,36,346,0.905759,258,0.675393,0,0,0,0
382,347,0.906005,36,36,347,0.906005,259,0.67624,0,0,0,0
383,348,0.90625,36,36,348,0.90625,260,0.677083,0,0,0,0
384,349,0.906493,36,36,349,0.906493,261,0.677922,0,0,0,0
385,350,0.906736,36,36,350,0.906736,261,0.676166,0,0,0,0
386,351,0.906977,36,36,351,0.906977,262,0.677003,0,0,0,0
387,352,0.907216,36,36,352,0.907216,262,0.675258,0,0,0,0
388,353,0.907455,36,36,353,0.907455,263,0.676093,0,0,0,0
389,354,0.907692,36,36,354,0.907692,264,0.676923,0,0,0,0
390,355,0.907928,36,36,355,0.907928,265,0.677749,0,0,0,0
391,355,0.905612,37,37,355,0.905612,265,0.67602,0,0,0,0
392,356,0.905852,37,37,356,0.905852,266,0.676845,0,0,0,0
393,357,0.906091,37,37,357,0.906091,267,0.677665,0,0,0,0
394,358,0.906329,37,37,358,0.906329,268,0.678481,0,0,0,0
395,359,0.906566,37,37,359,0.906566,269,0.679293,0,0,0,0
396,360,0.906801,37,37,360,0.906801,270,0.680101,0,0,0,0
397,361,0.907035,37,37,361,0.907035,271,0.680905,0,0,0,0
398,362,0.907268,37,37,362,0.907268,272,0.681704,0,0,0,0
399,363,0.9075,37,37,363,0.9075,273,0.6825,0,0,0,0
400,364,0.907731,37,37,364,0.907731,274,0.683292,0,0,0,0
401,365,0.90796,37,37,365,0.90796,275,0.68408,0,0,0,0
402,366,0.908189,37,37,366,0.908189,276,0.684864,0,0,0,0
403,367,0.908416,37,37,367,0.908416,277,0.685644,0,0,0,0
404,368,0.908642,37,37,368,0.908642,277,0.683951,0,0,0,0
405,369,0.908867,37,37,369,0.908867,278,0.684729,0,0,0,0
406,370,0.909091,37,37,370,0.909091,279,0.685504,0,0,0,0
407,371,0.909314,37,37,371,0.909314,280,0.686275,0,0,0,0
408,372,0.909535,37,37,372,0.909535,280,0.684597,0,0,0,0
409,373,0.909756,37,37,373,0.909756,280,0.682927,0,0,0,0
410,374,0.909976,37,37,374,0.909976,280,0.681265,0,0,0,0
411,375,0.910194,37,37,375,0.910194,281,0.682039,0,0,0,0
412,376,0.910412,37,37,376,0.910412,282,0.682809,0,0,0,0
413,377,0.910628,37,37,377,0.910628,283,0.683575,0,0,0,0
414,378,0.910843,37,37,378,0.910843,283,0.681928,0,0,0,0
415,379,0.911058,37,37,379,0.911058,284,0.682692,0,0,0,0
416,380,0.911271,37,37,380,0.911271,285,0.683453,0,0,0,0
417,381,0.911483,37,37,381,0.911483,286,0.684211,0,0,0,0
418,382,0.911695,37,37,382,0.911695,286,0.682578,0,0,0,0
419,383,0.911905,37,37,383,0.911905,287,0.683333,0,0,0,0
420,384,0.912114,37,37,384,0.912114,288,0.684085,0,0,0,0
421,385,0.912322,37,37,385,0.912322,288,0.682464,0,0,0,0
422,386,0.91253,37,37,386,0.91253,289,0.683215,0,0,0,0
423,387,0.912736,37,37,387,0.912736,290,0.683962,0,0,0,0
424,388,0.912941,37,37,388,0.912941,291,0.684706,0,0,0,0
425,389,0.913146,37,37,389,0.913146,292,0.685446,0,0,0,0
426,390,0.913349,37,37,390,0.913349,293,0.686183,0,0,0,0
427,391,0.913551,37,37,391,0.913551,293,0.684579,0,0,0,0
428,392,0.913753,37,37,392,0.913753,294,0.685315,0,0,0,0
429,393,0.913953,37,37,393,0.913953,294,0.683721,0,0,0,0
430,394,0.914153,37,37,394,0.914153,295,0.684455,0,0,0,0
431,395,0.914352,37,37,395,0.914352,295,0.68287,0,0,0,0
432,396,0.91455,37,37,396,0.91455,296,0.683603,0,0,0,0
433,397,0.914747,37,37,397,0.914747,297,0.684332,0,0,0,0
434,398,0.914943,37,37,398,0.914943,298,0.685057,0,0,0,0
435,399,0.915138,37,37,399,0.915138,299,0.68578,0,0,0,0
436,400,0.915332,37,37,400,0.915332,300,0.686499,0,0,0,0
437,401,0.915525,37,37,401,0.915525,301,0.687215,0,0,0,0
438,401,0.91344,38,38,401,0.91344,301,0.685649,0,0,0,0
439,402,0.913636,38,38,402,0.913636,302,0.686364,0,0,0,0
440,403,0.913832,38,38,403,0.913832,303,0.687075,0,0,0,0
441,404,0.914027,38,38,404,0.914027,304,0.687783,0,0,0,0
442,404,0.911964,39,39,404,0.911964,304,0.68623,0,0,0,0
443,405,0.912162,39,39,405,0.912162,304,0.684685,0,0,0,0
444,406,0.91236,39,39,406,0.91236,304,0.683146,0,0,0,0
445,407,0.912556,39,39,407,0.912556,304,0.681614,0,0,0,0
446,408,0.912752,39,39,408,0.912752,305,0.682327,0,0,0,0
447,409,0.912946,39,39,409,0.912946,305,0.680804,0,0,0,0
448,409,0.910913,40,40,409,0.910913,305,0.679287,0,0,0,0
449,410,0.911111,40,40,410,0.911111,306,0.68,0,0,0,0
450,411,0.911308,40,40,411,0.911308,307,0.68071,0,0,0,0
451,412,0.911504,40,40,412,0.911504,308,0.681416,0,0,0,0
452,413,0.9117,40,40,413,0.9117,309,0.682119,0,0,0,0
453,414,0.911894,40,40,414,0.911894,309,0.680617,0,0,0,0
454,415,0.912088,40,40,415,0.912088,310,0.681319,0,0,0,0
455,416,0.912281,40,40,416,0.912281,311,0.682018,0,0,0,0
456,417,0.912473,40,40,417,0.912473,312,0.682713,0,0,0,0
457,418,0.912664,40,40,418,0.912664,313,0.683406,0,0,0,0
458,419,0.912854,40,40,419,0.912854,314,0.684096,0,0,0,0
459,420,0.913043,40,40,420,0.913043,315,0.684783,0,0,0,0
460,421,0.913232,40,40,421,0.913232,316,0.685466,0,0,0,0
461,422,0.91342,40,40,422,0.91342,317,0.686147,0,0,0,0
462,423,0.913607,40,40,423,0.913607,318,0.686825,0,0,0,0
463,424,0.913793,40,40,424,0.913793,319,0.6875,0,0,0,0
464,425,0.913979,40,40,425,0.913979,319,0.686022,0,0,0,0
465,426,0.914163,40,40,426,0.914163,320,0.686695,0,0,0,0
466,427,0.914347,40,40,427,0.914347,321,0.687366,0,0,0,0
467,428,0.91453,40,40,428,0.91453,322,0.688034,0,0,0,0
468,429,0.914712,40,40,429,0.914712,322,0.686567,0,0,0,0
469,430,0.914894,40,40,430,0.914894,323,0.687234,0,0,0,0
470,431,0.915074,40,40,431,0.915074,324,0.687898,0,0,0,0
471,432,0.915254,40,40,432,0.915254,325,0.688559,0,0,0,0
472,433,0.915433,40,40,433,0.915433,326,0.689218,0,0,0,0
473,434,0.915612,40,40,434,0.915612,327,0.689873,0,0,0,0
474,435,0.915789,40,40,435,0.915789,328,0.690526,0,0,0,0
475,436,0.915966,40,40,436,0.915966,329,0.691176,0,0,0,0
476,437,0.916143,40,40,437,0.916143,330,0.691824,0,0,0,0
477,438,0.916318,40,40,438,0.916318,331,0.692469,0,0,0,0
478,439,0.916493,40,40,439,0.916493,332,0.693111,0,0,0,0
479,440,0.916667,40,40,440,0.916667,332,0.691667,0,0,0,0
480,441,0.91684,40,40,441,0.91684,333,0.692308,0,0,0,0
481,442,0.917012,40,40,442,0.917012,334,0.692946,0,0,0,0
482,443,0.917184,40,40,443,0.917184,335,0.693582,0,0,0,0
483,444,0.917355,40,40,444,0.917355,336,0.694215,0,0,0,0
484,444,0.915464,41,41,444,0.915464,336,0.692784,0,0,0,0
485,445,0.915638,41,41,445,0.915638,337,0.693416,0,0,0,0
486,446,0.915811,41,41,446,0.915811,337,0.691992,0,0,0,0
487,447,0.915984,41,41,447,0.915984,338,0.692623,0,0,0,0
488,448,0.916155,41,41,448,0.916155,339,0.693252,0,0,0,0
489,449,0.916327,41,41,449,0.916327,340,0.693878,0,0,0,0
490,450,0.916497,41,41,450,0.916497,341,0.694501,0,0,0,0
491,451,0.916667,41,41,451,0.916667,341,0.693089,0,0,0,0
492,452,0.916836,41,41,452,0.916836,341,0.691684,0,0,0,0
493,453,0.917004,41,41,453,0.917004,342,0.692308,0,0,0,0
494,454,0.917172,41,41,454,0.917172,343,0.692929,0,0,0,0
495,455,0.917339,41,41,455,0.917339,344,0.693548,0,0,0,0
496,456,0.917505,41,41,456,0.917505,345,0.694165,0,0,0,0
497,457,0.917671,41,41,457,0.917671,346,0.694779,0,0,0,0
498,458,0.917836,41,41,458,0.917836,346,0.693387,0,0,0,0
499,459,0.918,41,41,459,0.918,347,0.694,0,0,0,0
500,460,0.918164,41,41,460,0.918164,348,0.694611,0,0,0,0
501,461,0.918327,41,41,461,0.918327,349,0.695219,0,0,0,0
502,462,0.918489,41,41,462,0.918489,349,0.693837,0,0,0,0
503,463,0.918651,41,41,463,0.918651,349,0.69246,0,0,0,0
504,464,0.918812,41,41,464,0.918812,350,0.693069,0,0,0,0
505,465,0.918972,41,41,465,0.918972,351,0.693676,0,0,0,0
506,466,0.919132,41,41,466,0.919132,352,0.69428,0,0,0,0
507,467,0.919291,41,41,467,0.919291,353,0.694882,0,0,0,0
508,468,0.91945,41,41,468,0.91945,354,0.695481,0,0,0,0
509,469,0.919608,41,41,469,0.919608,355,0.696078,0,0,0,0
510,470,0.919765,41,41,470,0.919765,355,0.694716,0,0,0,0
511,471,0.919922,41,41,471,0.919922,355,0.693359,0,0,0,0
512,472,0.920078,41,41,472,0.920078,356,0.693957,0,0,0,0
513,473,0.920233,41,41,473,0.920233,356,0.692607,0,0,0,0
514,474,0.920388,41,41,474,0.920388,357,0.693204,0,0,0,0
515,475,0.920543,41,41,475,0.920543,358,0.693798,0,0,0,0
516,476,0.920696,41,41,476,0.920696,359,0.694391,0,0,0,0
517,477,0.920849,41,41,477,0.920849,359,0.69305,0,0,0,0
518,478,0.921002,41,41,478,0.921002,360,0.693642,0,0,0,0
519,479,0.921154,41,41,479,0.921154,360,0.692308,0,0,0,0
520,480,0.921305,41,41,480,0.921305,361,0.692898,0,0,0,0
521,481,0.921456,41,41,481,0.921456,362,0.693487,0,0,0,0
522,482,0.921606,41,41,482,0.921606,363,0.694073,0,0,0,0
523,483,0.921756,41,41,483,0.921756,363,0.692748,0,0,0,0
524,484,0.921905,41,41,484,0.921905,364,0.693333,0,0,0,0
525,485,0.922053,41,41,485,0.922053,364,0.692015,0,0,0,0
526,486,0.922201,41,41,486,0.922201,365,0.6926,0,0,0,0
527,487,0.922348,41,41,487,0.922348,366,0.693182,0,0,0,0
528,488,0.922495,41,41,488,0.922495,367,0.693762,0,0,0,0
529,489,0.922642,41,41,489,0.922642,368,0.69434,0,0,0,0
530,490,0.922787,41,41,490,0.922787,369,0.694915,0,0,0,0
531,491,0.922932,41,41,491,0.922932,369,0.693609,0,0,0,0
532,492,0.923077,41,41,492,0.923077,370,0.694184,0,0,0,0
533,493,0.923221,41,41,493,0.923221,371,0.694757,0,0,0,0
534,494,0.923364,41,41,494,0.923364,372,0.695327,0,0,0,0
535,495,0.923507,41,41,495,0.923507,373,0.695895,0,0,0,0
536,496,0.92365,41,41,496,0.92365,374,0.696462,0,0,0,0
537,497,0.923792,41,41,497,0.923792,374,0.695167,0,0,0,0
538,498,0.923933,41,41,498,0.923933,375,0.695733,0,0,0,0
539,499,0.924074,41,41,499,0.924074,376,0.696296,0,0,0,0
540,500,0.924214,41,41,500,0.924214,376,0.695009,0,0,0,0
541,501,0.924354,41,41,501,0.924354,377,0.695572,0,0,0,0
542,502,0.924494,41,41,502,0.924494,378,0.696133,0,0,0,0
543,503,0.924632,41,41,503,0.924632,378,0.694853,0,0,0,0
544,504,0.924771,41,41,504,0.924771,379,0.695413,0,0,0,0
545,505,0.924908,41,41,505,0.924908,379,0.694139,0,0,0,0
546,505,0.923218,42,42,505,0.923218,379,0.69287,0,0,0,0
547,506,0.923358,42,42,506,0.923358,379,0.691606,0,0,0,0
548,507,0.923497,42,42,507,0.923497,380,0.692168,0,0,0,0
549,508,0.923636,42,42,508,0.923636,381,0.692727,0,0,0,0
550,509,0.923775,42,42,509,0.923775,382,0.693285,0,0,0,0
551,510,0.923913,42,42,510,0.923913,383,0.693841,0,0,0,0
552,511,0.924051,42,42,511,0.924051,383,0.692586,0,0,0,0
553,512,0.924188,42,42,512,0.924188,384,0.693141,0,0,0,0
554,513,0.924324,42,42,513,0.924324,385,0.693694,0,0,0,0
555,514,0.92446,42,42,514,0.92446,386,0.694245,0,0,0,0
556,515,0.924596,42,42,515,0.924596,387,0.694794,0,0,0,0
557,516,0.924731,42,42,516,0.924731,387,0.693548,0,0,0,0
558,517,0.924866,42,42,517,0.924866,387,0.692308,0,0,0,0
559,518,0.925,42,42,518,0.925,388,0.692857,0,0,0,0
560,519,0.925134,42,42,519,0.925134,389,0.693405,0,0,0,0
561,520,0.925267,42,42,520,0.925267,390,0.69395,0,0,0,0
562,521,0.9254,42,42,521,0.9254,390,0.692718,0,0,0,0
563,522,0.925532,42,42,522,0.925532,391,0.693262,0,0,0,0
564,523,0.925664,42,42,523,0.925664,392,0.693805,0,0,0,0
565,524,0.925795,42,42,524,0.925795,393,0.694346,0,0,0,0
566,525,0.925926,42,42,525,0.925926,394,0.694885,0,0,0,0
567,526,0.926056,42,42,526,0.926056,395,0.695423,0,0,0,0
568,527,0.926186,42,42,527,0.926186,396,0.695958,0,0,0,0
569,528,0.926316,42,42,528,0.926316,397,0.696491,0,0,0,0
570,529,0.926445,42,42,529,0.926445,398,0.697023,0,0,0,0
571,530,0.926573,42,42,530,0.926573,399,0.697552,0,0,0,0
572,531,0.926702,42,42,531,0.926702,399,0.696335,0,0,0,0
573,532,0.926829,42,42,532,0.926829,400,0.696864,0,0,0,0
574,533,0.926957,42,42,533,0.926957,401,0.697391,0,0,0,0
575,534,0.927083,42,42,534,0.927083,402,0.697917,0,0,0,0
576,535,0.92721,42,42,535,0.92721,402,0.696707,0,0,0,0
577,536,0.927336,42,42,536,0.927336,402,0.695502,0,0,0,0
578,537,0.927461,42,42,537,0.927461,402,0.694301,0,0,0,0
579,538,0.927586,42,42,538,0.927586,402,0.693103,0,0,0,0
580,539,0.927711,42,42,539,0.927711,403,0.693632,0,0,0,0
581,540,0.927835,42,42,540,0.927835,404,0.694158,0,0,0,0
582,541,0.927959,42,42,541,0.927959,405,0.694683,0,0,0,0
583,542,0.928082,42,42,542,0.928082,406,0.695205,0,0,0,0
584,543,0.928205,42,42,543,0.928205,407,0.695727,0,0,0,0
585,544,0.928328,42,42,544,0.928328,408,0.696246,0,0,0,0
586,545,0.92845,42,42,545,0.92845,408,0.69506,0,0,0,0
587,546,0.928571,42,42,546,0.928571,409,0.695578,0,0,0,0
588,547,0.928693,42,42,547,0.928693,410,0.696095,0,0,0,0
589,548,0.928814,42,42,548,0.928814,410,0.694915,0,0,0,0
590,549,0.928934,42,42,549,0.928934,411,0.695431,0,0,0,0
591,550,0.929054,42,42,550,0.929054,412,0.695946,0,0,0,0
592,551,0.929174,42,42,551,0.929174,413,0.696459,0,0,0,0
593,552,0.929293,42,42,552,0.929293,414,0.69697,0,0,0,0
594,553,0.929412,42,42,553,0.929412,415,0.697479,0,0,0,0
595,554,0.92953,42,42,554,0.92953,416,0.697987,0,0,0,0
596,555,0.929648,42,42,555,0.929648,417,0.698492,0,0,0,0
597,556,0.929766,42,42,556,0.929766,418,0.698997,0,0,0,0
598,557,0.929883,42,42,557,0.929883,419,0.699499,0,0,0,0
599,558,0.93,42,42,558,0.93,420,0.7,0,0,0,0
600,559,0.930116,42,42,559,0.930116,421,0.700499,0,0,0,0
601,560,0.930233,42,42,560,0.930233,422,0.700997,0,0,0,0
602,561,0.930348,42,42,561,0.930348,423,0.701493,0,0,0,0
603,562,0.930464,42,42,562,0.930464,424,0.701987,0,0,0,0
604,563,0.930579,42,42,563,0.930579,425,0.702479,0,0,0,0
605,564,0.930693,42,42,564,0.930693,426,0.70297,0,0,0,0
606,565,0.930807,42,42,565,0.930807,427,0.70346,0,0,0,0
607,566,0.930921,42,42,566,0.930921,427,0.702303,0,0,0,0
608,567,0.931035,42,42,567,0.931035,428,0.702791,0,0,0,0
609,568,0.931148,42,42,568,0.931148,429,0.703279,0,0,0,0
610,569,0.93126,42,42,569,0.93126,429,0.702128,0,0,0,0
611,570,0.931373,42,42,570,0.931373,430,0.702614,0,0,0,0
612,571,0.931485,42,42,571,0.931485,430,0.701468,0,0,0,0
613,572,0.931596,42,42,572,0.931596,431,0.701954,0,0,0,0
614,573,0.931707,42,42,573,0.931707,432,0.702439,0,0,0,0
615,574,0.931818,42,42,574,0.931818,433,0.702922,0,0,0,0
616,575,0.931929,42,42,575,0.931929,434,0.703404,0,0,0,0
617,575,0.930421,43,43,575,0.930421,434,0.702265,0,0,0,0
618,576,0.930533,43,43,576,0.930533,434,0.701131,0,0,0,0
619,577,0.930645,43,43,577,0.930645,435,0.701613,0,0,0,0
620,578,0.930757,43,43,578,0.930757,436,0.702093,0,0,0,0
621,579,0.930868,43,43,579,0.930868,436,0.700965,0,0,0,0
622,580,0.930979,43,43,580,0.930979,437,0.701445,0,0,0,0
623,581,0.93109,43,43,581,0.93109,437,0.700321,0,0,0,0
624,582,0.9312,43,43,582,0.9312,438,0.7008,0,0,0,0
625,583,0.93131,43,43,583,0.93131,439,0.701278,0,0,0,0
626,584,0.931419,43,43,584,0.931419,440,0.701754,0,0,0,0
627,585,0.931529,43,43,585,0.931529,441,0.702229,0,0,0,0
628,586,0.931638,43,43,586,0.931638,441,0.701113,0,0,0,0
629,587,0.931746,43,43,587,0.931746,442,0.701587,0,0,0,0
630,588,0.931854,43,43,588,0.931854,443,0.70206,0,0,0,0
631,589,0.931962,43,43,589,0.931962,444,0.702532,0,0,0,0
632,589,0.93049,44,44,589,0.93049,444,0.701422,0,0,0,0
633,590,0.930599,44,44,590,0.930599,445,0.701893,0,0,0,0
634,591,0.930709,44,44,591,0.930709,445,0.700787,0,0,0,0
635,591,0.929245,45,45,591,0.929245,445,0.699686,0,0,0,0
636,592,0.929356,45,45,592,0.929356,446,0.700157,0,0,0,0
637,593,0.929467,45,45,593,0.929467,447,0.700627,0,0,0,0
638,594,0.929577,45,45,594,0.929577,448,0.701095,0,0,0,0
639,595,0.929688,45,45,595,0.929688,449,0.701563,0,0,0,0
640,596,0.929797,45,45,596,0.929797,450,0.702028,0,0,0,0
641,597,0.929907,45,45,597,0.929907,451,0.702492,0,0,0,0
642,598,0.930016,45,45,598,0.930016,452,0.702955,0,0,0,0
643,599,0.930124,45,45,599,0.930124,453,0.703416,0,0,0,0
644,600,0.930233,45,45,600,0.930233,454,0.703876,0,0,0,0
645,601,0.930341,45,45,601,0.930341,455,0.704334,0,0,0,0
646,602,0.930448,45,45,602,0.930448,456,0.704791,0,0,0,0
647,603,0.930556,45,45,603,0.930556,457,0.705247,0,0,0,0
648,604,0.930663,45,45,604,0.930663,458,0.705701,0,0,0,0
649,605,0.930769,45,45,605,0.930769,459,0.706154,0,0,0,0
650,606,0.930876,45,45,606,0.930876,460,0.706605,0,0,0,0
651,607,0.930982,45,45,607,0.930982,461,0.707055,0,0,0,0
652,608,0.931087,45,45,608,0.931087,462,0.707504,0,0,0,0
653,609,0.931193,45,45,609,0.931193,463,0.707951,0,0,0,0
654,610,0.931298,45,45,610,0.931298,464,0.708397,0,0,0,0
655,611,0.931402,45,45,611,0.931402,464,0.707317,0,0,0,0
656,612,0.931507,45,45,612,0.931507,465,0.707763,0,0,0,0
657,613,0.931611,45,45,613,0.931611,465,0.706687,0,0,0,0
658,614,0.931715,45,45,614,0.931715,465,0.705615,0,0,0,0
659,615,0.931818,45,45,615,0.931818,465,0.704545,0,0,0,0
660,616,0.931921,45,45,616,0.931921,466,0.704992,0,0,0,0
661,617,0.932024,45,45,617,0.932024,466,0.703928,0,0,0,0
662,618,0.932127,45,45,618,0.932127,467,0.704374,0,0,0,0
663,619,0.932229,45,45,619,0.932229,467,0.703313,0,0,0,0
664,620,0.932331,45,45,620,0.932331,467,0.702256,0,0,0,0
665,621,0.932432,45,45,621,0.932432,468,0.702703,0,0,0,0
666,622,0.932534,45,45,622,0.932534,469,0.703148,0,0,0,0
667,623,0.932635,45,45,623,0.932635,469,0.702096,0,0,0,0
668,624,0.932735,45,45,624,0.932735,470,0.702541,0,0,0,0
669,625,0.932836,45,45,625,0.932836,471,0.702985,0,0,0,0
670,626,0.932936,45,45,626,0.932936,472,0.703428,0,0,0,0
671,627,0.933036,45,45,627,0.933036,473,0.703869,0,0,0,0
672,628,0.933135,45,45,628,0.933135,473,0.702823,0,0,0,0
673,629,0.933234,45,45,629,0.933234,474,0.703264,0,0,0,0
674,630,0.933333,45,45,630,0.933333,475,0.703704,0,0,0,0
675,631,0.933432,45,45,631,0.933432,476,0.704142,0,0,0,0
676,632,0.93353,45,45,632,0.93353,476,0.703102,0,0,0,0
677,633,0.933628,45,45,633,0.933628,477,0.70354,0,0,0,0
678,634,0.933726,45,45,634,0.933726,478,0.703976,0,0,0,0
679,635,0.933824,45,45,635,0.933824,479,0.704412,0,0,0,0
680,636,0.933921,45,45,636,0.933921,480,0.704846,0,0,0,0
681,637,0.934018,45,45,637,0.934018,480,0.703812,0,0,0,0
682,638,0.934114,45,45,638,0.934114,481,0.704246,0,0,0,0
683,639,0.934211,45,45,639,0.934211,482,0.704678,0,0,0,0
684,640,0.934307,45,45,640,0.934307,482,0.70365,0,0,0,0
685,641,0.934402,45,45,641,0.934402,483,0.704082,0,0,0,0
686,642,0.934498,45,45,642,0.934498,484,0.704512,0,0,0,0
687,643,0.934593,45,45,643,0.934593,484,0.703488,0,0,0,0
688,643,0.933237,46,46,643,0.933237,484,0.702467,0,0,0,0
689,644,0.933333,46,46,644,0.933333,484,0.701449,0,0,0,0
690,645,0.93343,46,46,645,0.93343,485,0.701881,0,0,0,0
691,646,0.933526,46,46,646,0.933526,485,0.700867,0,0,0,0
692,647,0.933622,46,46,647,0.933622,486,0.701299,0,0,0,0
693,648,0.933718,46,46,648,0.933718,486,0.700288,0,0,0,0
694,649,0.933813,46,46,649,0.933813,486,0.699281,0,0,0,0
695,650,0.933908,46,46,650,0.933908,487,0.699713,0,0,0,0
696,651,0.934003,46,46,651,0.934003,488,0.700143,0,0,0,0
697,652,0.934097,46,46,652,0.934097,489,0.700573,0,0,0,0
698,653,0.934192,46,46,653,0.934192,490,0.701001,0,0,0,0
699,654,0.934286,46,46,654,0.934286,491,0.701429,0,0,0,0
700,655,0.934379,46,46,655,0.934379,492,0.701854,0,0,0,0
701,656,0.934473,46,46,656,0.934473,493,0.702279,0,0,0,0
702,657,0.934566,46,46,657,0.934566,494,0.702703,0,0,0,0
703,658,0.934659,46,46,658,0.934659,494,0.701705,0,0,0,0
704,659,0.934752,46,46,659,0.934752,495,0.702128,0,0,0,0
705,660,0.934844,46,46,660,0.934844,496,0.70255,0,0,0,0
706,661,0.934936,46,46,661,0.934936,496,0.701556,0,0,0,0
707,662,0.935028,46,46,662,0.935028,496,0.700565,0,0,0,0
708,663,0.93512,46,46,663,0.93512,497,0.700987,0,0,0,0
709,664,0.935211,46,46,664,0.935211,497,0.7,0,0,0,0
710,665,0.935302,46,46,665,0.935302,498,0.700422,0,0,0,0
711,666,0.935393,46,46,666,0.935393,498,0.699438,0,0,0,0
712,667,0.935484,46,46,667,0.935484,498,0.698457,0,0,0,0
713,668,0.935574,46,46,668,0.935574,499,0.69888,0,0,0,0
714,669,0.935664,46,46,669,0.935664,500,0.699301,0,0,0,0
715,670,0.935754,46,46,670,0.935754,501,0.699721,0,0,0,0
716,671,0.935844,46,46,671,0.935844,501,0.698745,0,0,0,0
717,672,0.935933,46,46,672,0.935933,502,0.699164,0,0,0,0
718,673,0.936022,46,46,673,0.936022,503,0.699583,0,0,0,0
719,673,0.934722,47,47,673,0.934722,503,0.698611,0,0,0,0
720,674,0.934813,47,47,674,0.934813,503,0.697642,0,0,0,0
721,675,0.934903,47,47,675,0.934903,504,0.698061,0,0,0,0
722,676,0.934993,47,47,676,0.934993,504,0.697095,0,0,0,0
723,677,0.935083,47,47,677,0.935083,505,0.697514,0,0,0,0
724,678,0.935172,47,47,678,0.935172,506,0.697931,0,0,0,0
725,679,0.935262,47,47,679,0.935262,507,0.698347,0,0,0,0
726,680,0.935351,47,47,680,0.935351,508,0.698762,0,0,0,0
727,681,0.93544,47,47,681,0.93544,509,0.699176,0,0,0,0
728,682,0.935528,47,47,682,0.935528,510,0.699588,0,0,0,0
729,683,0.935616,47,47,683,0.935616,510,0.69863,0,0,0,0
730,684,0.935705,47,47,684,0.935705,510,0.697674,0,0,0,0
731,685,0.935792,47,47,685,0.935792,511,0.698087,0,0,0,0
732,686,0.93588,47,47,686,0.93588,512,0.698499,0,0,0,0
733,687,0.935967,47,47,687,0.935967,512,0.697548,0,0,0,0
734,688,0.936054,47,47,688,0.936054,513,0.697959,0,0,0,0
735,689,0.936141,47,47,689,0.936141,514,0.69837,0,0,0,0
736,690,0.936228,47,47,690,0.936228,515,0.698779,0,0,0,0
737,691,0.936314,47,47,691,0.936314,516,0.699187,0,0,0,0
738,692,0.936401,47,47,692,0.936401,516,0.698241,0,0,0,0
739,692,0.935135,48,48,692,0.935135,516,0.697297,0,0,0,0
740,693,0.935223,48,48,693,0.935223,516,0.696356,0,0,0,0
741,694,0.93531,48,48,694,0.93531,516,0.695418,0,0,0,0
742,695,0.935397,48,48,695,0.935397,517,0.695828,0,0,0,0
743,696,0.935484,48,48,696,0.935484,518,0.696237,0,0,0,0
744,697,0.93557,48,48,697,0.93557,519,0.696644,0,0,0,0
745,698,0.935657,48,48,698,0.935657,519,0.69571,0,0,0,0
746,699,0.935743,48,48,699,0.935743,520,0.696118,0,0,0,0
747,700,0.935829,48,48,700,0.935829,521,0.696524,0,0,0,0
748,701,0.935915,48,48,701,0.935915,521,0.695594,0,0,0,0
749,702,0.936,48,48,702,0.936,522,0.696,0,0,0,0
750,703,0.936085,48,48,703,0.936085,522,0.695073,0,0,0,0
751,704,0.93617,48,48,704,0.93617,522,0.694149,0,0,0,0
752,705,0.936255,48,48,705,0.936255,523,0.694555,0,0,0,0
753,706,0.936339,48,48,706,0.936339,524,0.69496,0,0,0,0
754,707,0.936424,48,48,707,0.936424,525,0.695364,0,0,0,0
755,708,0.936508,48,48,708,0.936508,526,0.695767,0,0,0,0
756,709,0.936592,48,48,709,0.936592,527,0.696169,0,0,0,0
757,710,0.936675,48,48,710,0.936675,528,0.69657,0,0,0,0
758,711,0.936759,48,48,711,0.936759,529,0.69697,0,0,0,0
759,712,0.936842,48,48,712,0.936842,530,0.697368,0,0,0,0
760,713,0.936925,48,48,713,0.936925,531,0.697766,0,0,0,0
761,714,0.937008,48,48,714,0.937008,532,0.698163,0,0,0,0
762,715,0.93709,48,48,715,0.93709,533,0.698558,0,0,0,0
763,716,0.937173,48,48,716,0.937173,534,0.698953,0,0,0,0
764,717,0.937255,48,48,717,0.937255,535,0.699346,0,0,0,0
765,718,0.937337,48,48,718,0.937337,536,0.699739,0,0,0,0
766,719,0.937419,48,48,719,0.937419,537,0.70013,0,0,0,0
767,720,0.9375,48,48,720,0.9375,537,0.699219,0,0,0,0
768,721,0.937581,48,48,721,0.937581,537,0.698309,0,0,0,0
769,722,0.937662,48,48,722,0.937662,537,0.697403,0,0,0,0
770,723,0.937743,48,48,723,0.937743,538,0.697795,0,0,0,0
771,724,0.937824,48,48,724,0.937824,539,0.698187,0,0,0,0
772,725,0.937904,48,48,725,0.937904,539,0.697283,0,0,0,0
773,726,0.937984,48,48,726,0.937984,540,0.697674,0,0,0,0
774,727,0.938065,48,48,727,0.938065,541,0.698065,0,0,0,0
775,728,0.938144,48,48,728,0.938144,542,0.698454,0,0,0,0
776,729,0.938224,48,48,729,0.938224,543,0.698842,0,0,0,0
777,730,0.938303,48,48,730,0.938303,543,0.697943,0,0,0,0
778,731,0.938383,48,48,731,0.938383,544,0.698331,0,0,0,0
779,732,0.938462,48,48,732,0.938462,544,0.697436,0,0,0,0
780,733,0.93854,48,48,733,0.93854,545,0.697823,0,0,0,0
781,734,0.938619,48,48,734,0.938619,546,0.69821,0,0,0,0
782,735,0.938697,48,48,735,0.938697,547,0.698595,0,0,0,0
783,736,0.938776,48,48,736,0.938776,547,0.697704,0,0,0,0
784,737,0.938854,48,48,737,0.938854,547,0.696815,0,0,0,0
785,738,0.938931,48,48,738,0.938931,547,0.695929,0,0,0,0
786,739,0.939009,48,48,739,0.939009,548,0.696315,0,0,0,0
787,740,0.939086,48,48,740,0.939086,549,0.696701,0,0,0,0
788,741,0.939164,48,48,741,0.939164,550,0.697085,0,0,0,0
789,742,0.939241,48,48,742,0.939241,551,0.697468,0,0,0,0
790,743,0.939317,48,48,743,0.939317,552,0.697851,0,0,0,0
791,744,0.939394,48,48,744,0.939394,553,0.698232,0,0,0,0
792,745,0.93947,48,48,745,0.93947,554,0.698613,0,0,0,0
793,746,0.939547,48,48,746,0.939547,555,0.698992,0,0,0,0
794,747,0.939623,48,48,747,0.939623,556,0.699371,0,0,0,0
795,748,0.939699,48,48,748,0.939699,556,0.698492,0,0,0,0
796,749,0.939774,48,48,749,0.939774,557,0.698871,0,0,0,0
797,750,0.93985,48,48,750,0.93985,558,0.699248,0,0,0,0
798,751,0.939925,48,48,751,0.939925,558,0.698373,0,0,0,0
799,751,0.93875,49,49,751,0.93875,558,0.6975,0,0,0,0
800,752,0.938826,49,49,752,0.938826,558,0.696629,0,0,0,0
801,753,0.938903,49,49,753,0.938903,559,0.697007,0,0,0,0
802,754,0.938979,49,49,754,0.938979,559,0.696139,0,0,0,0
803,755,0.939055,49,49,755,0.939055,560,0.696517,0,0,0,0
804,756,0.93913,49,49,756,0.93913,561,0.696894,0,0,0,0
805,757,0.939206,49,49,757,0.939206,562,0.69727,0,0,0,0
806,757,0.938042,50,50,757,0.938042,562,0.696406,0,0,0,0
807,758,0.938119,50,50,758,0.938119,563,0.696782,0,0,0,0
808,759,0.938195,50,50,759,0.938195,563,0.695921,0,0,0,0
809,760,0.938272,50,50,760,0.938272,563,0.695062,0,0,0,0
810,761,0.938348,50,50,761,0.938348,564,0.695438,0,0,0,0
811,762,0.938424,50,50,762,0.938424,565,0.695813,0,0,0,0
812,763,0.938499,50,50,763,0.938499,565,0.694957,0,0,0,0
813,763,0.937346,51,51,763,0.937346,565,0.694103,0,0,0,0
814,764,0.937423,51,51,764,0.937423,565,0.693252,0,0,0,0
815,765,0.9375,51,51,765,0.9375,566,0.693627,0,0,0,0
816,766,0.937576,51,51,766,0.937576,567,0.694002,0,0,0,0
